Workbook

Sheet Bearing_Database
A1: FST 16 Wheel Bearing Catalog & Technical Database
A3: Part_Number | B3: Type | C3: Bore_d_mm | D3: OD_D_mm | E3: Width_B_mm | F3: Pitch_dm_mm | G3: Dynamic_Cr_kN | H3: Static_C0r_kN | I3: Contact_Angle_deg | J3: Ball_Diam_Dw_mm | K3: Ball_Count_Z | L3: Limiting_Speed_Grease_rpm | M3: Limiting_Speed_Oil_rpm | N3: Radial_Stiffness_Kr_kN_mm | O3: Axial_Stiffness_Ka_kN_mm | P3: Mass_g | Q3: Unit_Cost_EUR | R3: Lead_Time_Weeks | S3: Status
A4: Schaeffler 61816-Y | B4: Thin DGBB (Brass Cage) | C4: 80 | D4: 100 | E4: 10 | F4: 90 | G4: 13.8 | H4: 13.8 | I4: 0 | J4: 6 | K4: 28 | L4: 8000 | M4: 12300 | N4: 500 | O4: 7.353 | P4: 155 | Q4: 45 | R4: 1 | S4: Selected Baseline
A5: Schaeffler 61816-2RSR | B5: Thin DGBB (Rubber Sealed) | C5: 80 | D5: 100 | E5: 10 | F5: 90 | G5: 13.8 | H5: 13.8 | I5: 0 | J5: 6 | K5: 28 | L5: 3100 | M5: 3100 | N5: 500 | O5: 7.353 | P5: 160 | Q5: 50 | R5: 1 | S5: Rejected Seal Drag
A6: FAG B71816-C-TPA-P4S-UL | B6: Thin ACBB (15-deg Spindle) | C6: 80 | D6: 100 | E6: 10 | F6: 90 | G6: 14.6 | H6: 16.6 | I6: 15 | J6: 6.747 | K6: 35 | L6: 12000 | M6: 19000 | N6: 580 | O6: 75 | P6: 145 | Q6: 370 | R6: 18 | S6: Candidate 15-deg
A7: FAG B71816-E-TPA-P4S-UL | B7: Thin ACBB (25-deg Light) | C7: 80 | D7: 100 | E7: 10 | F7: 90 | G7: 13.7 | H7: 15.6 | I7: 25 | J7: 7.144 | K7: 35 | L7: 9500 | M7: 15000 | N7: 450 | O7: 121.4 | P7: 145 | Q7: 380 | R7: 18 | S7: Target Upgrade
A8: FAG B71816-E-TPA-P4S-UM | B8: Thin ACBB (25-deg Medium) | C8: 80 | D8: 100 | E8: 10 | F8: 90 | G8: 13.7 | H8: 15.6 | I8: 25 | J8: 7.144 | K8: 35 | L8: 9000 | M8: 14000 | N8: 520 | O8: 195.3 | P8: 145 | Q8: 410 | R8: 18 | S8: Candidate Medium
A9: FAG B71816-E-TPA-P4S-UH | B9: Thin ACBB (25-deg Heavy) | C9: 80 | D9: 100 | E9: 10 | F9: 90 | G9: 13.7 | H9: 15.6 | I9: 25 | J9: 7.144 | K9: 35 | L9: 8200 | M9: 13000 | N9: 590 | O9: 275.3 | P9: 145 | Q9: 440 | R9: 20 | S9: Candidate Heavy
A10: FAG HCB71816-E-TPA-P4S-UL | B10: Hybrid Ceramic ACBB (Si3N4) | C10: 80 | D10: 100 | E10: 10 | F10: 90 | G10: 9.5 | H10: 10.8 | I10: 25 | J10: 7.144 | K10: 35 | L10: 12000 | M10: 18000 | N10: 490 | O10: 135 | P10: 125 | Q10: 620 | R10: 24 | S10: Hybrid Ceramic
A11: FAG XCB71816-E-TPA-P4S-UL | B11: Cronidur 30 ACBB (F1 Grade) | C11: 80 | D11: 100 | E11: 10 | F11: 90 | G11: 12.5 | H11: 12 | I11: 25 | J11: 7.144 | K11: 35 | L11: 14000 | M11: 22000 | N11: 550 | O11: 145 | P11: 125 | Q11: 1250 | R11: 26 | S11: Cronidur 30 F1
A12: Schaeffler 61815-Y | B12: Thin DGBB (FST15 Inner) | C12: 75 | D12: 95 | E12: 10 | F12: 85 | G12: 13.7 | H12: 13.4 | I12: 0 | J12: 6 | K12: 26 | L12: 8500 | M12: 13000 | N12: 480 | O12: 7.1 | P12: 140 | Q12: 42 | R12: 1 | S12: FST15 Baseline
A13: FAG B71815-E-TPA-P4S-UL | B13: Thin ACBB (FST15 Stepped) | C13: 75 | D13: 95 | E13: 10 | F13: 85 | G13: 13.2 | H13: 14.8 | I13: 25 | J13: 7.144 | K13: 33 | L13: 10000 | M13: 16000 | N13: 430 | O13: 115 | P13: 135 | Q13: 360 | R13: 18 | S13: FST15 Stepped ACBB
A14: Schaeffler 61916 | B14: Medium Thin DGBB (ISO 19) | C14: 80 | D14: 110 | E14: 16 | F14: 95 | G14: 26.5 | H14: 24 | I14: 0 | J14: 10 | K14: 18 | L14: 6700 | M14: 8000 | N14: 620 | O14: 12 | P14: 380 | Q14: 75 | R14: 2 | S14: Rejected Packaging
A15: FAG B71916-E-TPA-P4S-UL | B15: Angular Contact (ISO 19) | C15: 80 | D15: 110 | E15: 16 | F15: 95 | G15: 33.5 | H15: 24 | I15: 25 | J15: 10 | K15: 21 | L15: 8500 | M15: 13000 | N15: 680 | O15: 185 | P15: 380 | Q15: 450 | R15: 20 | S15: Rejected Packaging
... A20: FAG QJ216-XL-MPA | B20: Four-Point Contact Ball | C20: 80 | D20: 140 | E20: 26 | F20: 110 | G20: 136 | H20: 137 | I20: 35 | J20: 18 | K20: 14 | L20: 3400 | M20: 5300 | N20: 1300 | O20: 350 | P20: 1700 | Q20: 260 | R20: 6 | S20: Rejected Split Ring

Sheet Bearing_Calculator
B1: FST 16 Wheel Bearing Sizing & Verification Calculator
B2: Formula Student Lisboa - Hub & Upright Wheel Assembly
B4: 1. BEARING SELECTION & CANDIDATE ARCHITECTURE
B5: Interface / Position | C5: Bearing Designation | D5: Series / Angle | E5: Reference Link
B6: Outer Bearing (Rim Side) | C6: Schaeffler 61816-Y | D6: =VLOOKUP(C6, Bearing_Database!A4:S20, 2, FALSE) | E6: ="Bore: " & VLOOKUP(C6, Bearing_Database!A4:S20, 3, FALSE) & " mm | Angle: " & VLOOKUP(C6, Bearing_Database!A4:S20, 9, FALSE) & " deg"
B7: Inner Bearing (Motor Side) | C7: Schaeffler 61816-Y | D7: =VLOOKUP(C7, Bearing_Database!A4:S20, 2, FALSE) | E7: ="Bore: " & VLOOKUP(C7, Bearing_Database!A4:S20, 3, FALSE) & " mm | Angle: " & VLOOKUP(C7, Bearing_Database!A4:S20, 9, FALSE) & " deg"
B9: 2. OPERATING CONDITIONS & VEHICLE DYNAMICS (PEAK CORNERING)
B10: Operating Parameter | C10: Value | D10: Unit | E10: Physical Engineering Note
B11: Tire Lateral Force (Fy) | C11: 4436.26 | D11: N | E11: Peak 1.8g steady-state cornering (LC3)
B12: Tire Vertical Wheel Load (Fz) | C12: 1787.31 | D12: N | E12: Vertical wheel load under weight transfer
B13: Loaded Tire Rolling Radius (Reff) | C13: 0.25 | D13: m | E13: Hoosier 18.0x6.0-10 under racing load
B14: Bearing Physical Center Span (Lb) | C14: 32 | D14: mm | E14: Center-to-center raceway distance
B15: Vehicle Track Speed (v) | C15: 100 | D15: km/h | E15: Operating cornering entry speed
B16: Track Operating Temperature (T) | C16: 80 | D16: deg C | E16: Equilibrium temperature under braking & motor
B17: Thread Pitch (M78x1.5) | C17: 1.5 | D17: mm | E17: Thread pitch for Preload Nut clamping
B19: 3. LOAD DISTRIBUTION & CONTACT MECHANICS
B20: Calculated Parameter | C20: Formula / Value | D20: Unit | E20: Engineering Verification
B21: Overturning Moment (Mx) | C21: =C11*C13 | D21: N*m | E21: Mx = Fy * Reff
B22: Outer Pressure Apex Distance (a_out) | C22: =IF(VLOOKUP(C6, Bearing_Database!A4:S20, 9, FALSE)>0, (VLOOKUP(C6, Bearing_Database!A4:S20, 6, FALSE)/2)*TAN(RADIANS(VLOOKUP(C6, Bearing_Database!A4:S20, 9, FALSE))), 0) | D22: mm | E22: a_out = (dm/2)*tan(alpha)
B23: Inner Pressure Apex Distance (a_in) | C23: =IF(VLOOKUP(C7, Bearing_Database!A4:S20, 9, FALSE)>0, (VLOOKUP(C7, Bearing_Database!A4:S20, 6, FALSE)/2)*TAN(RADIANS(VLOOKUP(C7, Bearing_Database!A4:S20, 9, FALSE))), 0) | D23: mm | E23: a_in = (dm/2)*tan(alpha)
B24: Effective Bearing Spread (H) | C24: =C14+C22+C23 | D24: mm | E24: H = Lb + a_out + a_in (O-arrangement spread)
B25: Decoupled Overturning Couple (F_couple) | C25: =C21/(C24/1000) | D25: N | E25: F_couple = Mx / H
B26: Peak Outer Radial Force (Fr_out) | C26: =C25+(C12/2) | D26: N | E26: Fr_out = F_couple + (Fz / 2)
B27: Peak Inner Radial Force (Fr_in) | C27: =ABS(-C25+(C12/2)) | D27: N | E27: Fr_in = |-F_couple + (Fz / 2)|
B28: Axial Thrust Force (Fa) | C28: =C11 | D28: N | E28: Fa = Fy (cornering thrust)
B30: 4. STATIC SAFETY FACTOR (ISO 76) & RATING LIFE (ISO 281)
B31: Life / Safety Parameter | C31: Outer Bearing | D31: Inner Bearing | E31: Unit | F31: Physical Engineering Formulation
B32: Equivalent Static Load (P0) | C32: =IF(VLOOKUP(C6, Bearing_Database!A4:S20, 9, FALSE)>0, MAX(C26, 0.5*C26+0.38*C28), MAX(C26, 0.6*C26+0.5*C28)) | D32: =IF(VLOOKUP(C7, Bearing_Database!A4:S20, 9, FALSE)>0, MAX(C27, 0.5*C27+0.38*C28), MAX(C27, 0.6*C27+0.5*C28)) | E32: N | F32: ISO 76 static equivalent load
B33: Static Safety Factor (S0 = C0r / P0) | C33: =(VLOOKUP(C6, Bearing_Database!A4:S20, 8, FALSE)*1000)/C32 | D33: =(VLOOKUP(C7, Bearing_Database!A4:S20, 8, FALSE)*1000)/D32 | E33: ratio | F33: Target S0 >= 1.5 (Green >= 1.5, Yellow 1.0-1.5, Red < 1.0)
B34: Wheel Rotational Speed (n_wheel) | C34: =((C15*1000/3600)/(2*PI()*C13))*60 | D34: =C34 | E34: rpm | F34: n = (v / (2 * pi * Reff)) * 60
B35: Dynamic Equivalent Spectrum Load (Peq) | C35: =(0.60*(1250^3) + 0.30*((0.55*C26)^3) + 0.08*(C26^3) + 0.02*(2600^3))^(1/3) | D35: =(0.60*(1250^3) + 0.30*((0.55*C27)^3) + 0.08*(C27^3) + 0.02*(2600^3))^(1/3) | E35: N | F35: ISO 281 cubic duty spectrum mean load
B36: Basic Rating Fatigue Life (L10h) | C36: =(10^6/(60*C34)) * ((VLOOKUP(C6, Bearing_Database!A4:S20, 7, FALSE)*1000)/C35)^3 | D36: =(10^6/(60*C34)) * ((VLOOKUP(C7, Bearing_Database!A4:S20, 7, FALSE)*1000)/D35)^3 | E36: Hours | F36: L10h = (10^6 / (60*n)) * (Cr / Peq)^3
B37: Equivalent Distance Life (L10km) | C37: =C36*C15 | D37: =D36*C15 | E37: km | F37: L10km = L10h * v (Full FS season ~ 500 km)
B39: 5. ELASTOKINEMATIC CAMBER STIFFNESS & ANGULAR COMPLIANCE
B40: Rigidity Parameter | C40: Value | D40: Unit | E40: Physical Engineering Note
B41: Angular Camber Stiffness (c_tilt) | C41: =0.5 * (VLOOKUP(C6, Bearing_Database!A4:S20, 14, FALSE)*1000000) * ((C24/1000)^2) * (PI()/180) | D41: N*m / deg | E41: c_tilt = 0.5 * Kr * H^2 (N*m/rad converted to N*m/deg)
B42: Angular Camber Deflection (gamma) | C42: =C21/C41 | D42: deg | E42: Elastokinematic hub deflection under peak cornering
B43: Tire Top Lateral Deflection | C43: =C13*RADIANS(C42)*1000 | D43: mm | E43: Reff * radians(gamma) * 1000 lateral displacement
B44: Rigidity Ratio vs Physical Span | C44: =(C24/C14)^2 | D44: ratio (x) | E44: Scaling factor (H / Lb)^2
B46: 6. PRELOAD MECHANICS & M78x1.5 PRELOAD NUT TORQUE
B47: Fastener / Preload Parameter | C47: Value | D47: Unit | E47: Mathematical Formulation
B48: Required Axial Preload (F_preload) | C48: =IF(ISNUMBER(SEARCH("-UH", C6)), 712, IF(ISNUMBER(SEARCH("-UM", C6)), 302, IF(VLOOKUP(C6, Bearing_Database!A4:S20, 9, FALSE)>0, 84, (VLOOKUP(C6, Bearing_Database!A4:S20, 15, FALSE)*1000)*0.100))) | D48: N | E48: Catalog class (84N UL, 302N UM, 712N UH, or Ka*0.1mm play)
B49: Thread Pitch Diameter (d2) | C49: 77.026 | D49: mm | E49: M78x1.5 ISO metric fine thread
B50: Thread Lead Angle (psi) | C50: =DEGREES(ATAN(C17/(PI()*C49))) | D50: deg | E50: psi = atan(pitch / (pi * d2))
B51: Friction Coefficient (mu_thread = mu_collar) | C51: 0.15 | D51: - | E51: Lightly lubricated aluminum-to-steel interface
B52: Collar Contact Mean Diameter (dc) | C52: 81.5 | D52: mm | E52: Nut face contact against inner ring face
B53: Preload Nut Tightening Torque (T) | C53: =C48 * ( (C49/2000)*((TAN(RADIANS(C50)) + C51/COS(RADIANS(30))) / (1 - C51*TAN(RADIANS(C50))/COS(RADIANS(30)))) + C51*(C52/2000) ) | D53: N*m | E53: Motosh tightening torque (FSG cotter pin locked)
B55: 7. THERMAL FIT EXPANSION & CLEARANCE LOSS (AL 7075 vs 100Cr6)
B56: Thermal Fit Parameter | C56: Track Operating Temp | D56: 140 deg C (Extreme Brake) | E56: Unit / Physical Meaning
B57: Differential Expansion (Delta_alpha) | C57: 1.19e-05 | D57: 1.19e-05 | E57: 1/K (alpha_Al: 23.4e-6 - alpha_Steel: 11.5e-6)
B58: Temperature Delta (Delta_T = T - 20 deg C) | C58: =C16-20 | D58: 120 | E58: K (thermal gradient from ambient 20 deg C)
B59: Hub Bore Expansion (Delta_D_hub) | C59: =100.0 * C57 * C58 | D59: =100.0 * D57 * D58 | E59: mm (Hub bore grows faster than steel outer ring)
B60: Upright Journal Expansion (Delta_d_shaft) | C60: =80.0 * C57 * C58 | D60: =80.0 * D57 * D58 | E60: mm (Aluminum shaft expands, locking inner ring)
B61: Effective Fit at Hub Bore (P7 = +0.030 mm) | C61: =0.030 - C59 | D61: =0.030 - D59 | E61: mm (Negative = Loose clearance, requires axial clamp!)
B63: 8. BEARING KINEMATICS & BALL DYNAMICS
B64: Kinematic Parameter | C64: Value | D64: Unit | E64: Kinematic Relationship
B65: Speed Parameter (n * dm) | C65: =C34 * VLOOKUP(C6, Bearing_Database!A4:S20, 6, FALSE) | D65: mm*rpm | E65: n * dm (Catalog limit: 1,000,000)
B66: Cage Orbital Speed (nc) | C66: =(C34/2) * (1 - (VLOOKUP(C6, Bearing_Database!A4:S20, 10, FALSE)/VLOOKUP(C6, Bearing_Database!A4:S20, 6, FALSE))*COS(RADIANS(VLOOKUP(C6, Bearing_Database!A4:S20, 9, FALSE)))) | D66: rpm | E66: nc = (n/2) * (1 - (Dw/dm)*cos(alpha))
B67: Ball Spin Speed (nb) | C67: =(C34/2) * (VLOOKUP(C6, Bearing_Database!A4:S20, 6, FALSE)/VLOOKUP(C6, Bearing_Database!A4:S20, 10, FALSE)) * (1 - ((VLOOKUP(C6, Bearing_Database!A4:S20, 10, FALSE)/VLOOKUP(C6, Bearing_Database!A4:S20, 6, FALSE))*COS(RADIANS(VLOOKUP(C6, Bearing_Database!A4:S20, 9, FALSE))))^2) | D67: rpm | E67: Ball rotational speed around its own axis
B68: Ball Centrifugal Force (Fc) | C68: =((4/3)*PI()*((VLOOKUP(C6, Bearing_Database!A4:S20, 10, FALSE)/2000)^3)*7800) * (VLOOKUP(C6, Bearing_Database!A4:S20, 6, FALSE)/2000) * ((2*PI()*C66/60)^2) | D68: N | E68: Centrifugal force per rolling element Fc = m * r * omega^2
B69: Ball Gyroscopic Moment (Mg) | C69: =(0.1 * ((4/3)*PI()*((VLOOKUP(C6, Bearing_Database!A4:S20, 10, FALSE)/2000)^3)*7800) * ((VLOOKUP(C6, Bearing_Database!A4:S20, 10, FALSE)/1000)^2)) * (2*PI()*C67/60) * (2*PI()*C66/60) * SIN(RADIANS(VLOOKUP(C6, Bearing_Database!A4:S20, 9, FALSE))) * 1000 | D69: N*mm | E69: Mg = Jb * omega_b * omega_c * sin(alpha)
B70: Anti-Skid Preload Threshold (Fa_skid) | C70: =IF(VLOOKUP(C6, Bearing_Database!A4:S20, 9, FALSE)>0, VLOOKUP(C6, Bearing_Database!A4:S20, 11, FALSE) * ((C69/1000) / ((VLOOKUP(C6, Bearing_Database!A4:S20, 10, FALSE)/2000) * 0.06)) * SIN(RADIANS(VLOOKUP(C6, Bearing_Database!A4:S20, 9, FALSE))), 0.01 * (VLOOKUP(C6, Bearing_Database!A4:S20, 8, FALSE)*1000)) | D70: N | E70: Minimum axial preload to prevent ball skidding under Mg
B72: 9. EHL LUBRICATION RATIO (MOTUL GEAR 300 75W90)
B73: Lubrication Parameter | C73: Value | D73: Unit | E73: Physical Meaning & Threshold
B74: Kinematic Viscosity at Operating Temp (nu) | C74: =MAX(10.0, 152.0 * EXP(-0.038 * (C16 - 40))) | D74: mm^2/s | E74: Motul Gear 300 75W90 ester synthetic at track temp
B75: Reference Viscosity for Full Film (nu1) | C75: =45000 * (C34^(-0.83)) * ((VLOOKUP(C6, Bearing_Database!A4:S20, 6, FALSE))^(-0.5)) | D75: mm^2/s | E75: nu1 = 45000 * n^(-0.83) * dm^(-0.5) (ISO 281)
B76: Viscosity Ratio (kappa = nu / nu1) | C76: =C74/C75 | D76: ratio | E76: kappa >= 2.0: Full elastohydrodynamic separation
B78: 10. MULTI-LOAD CASE SAFETY FACTOR SUMMARY (ALL 8 FS CASES)
B79: Load Case | C79: Fy (N) | D79: Mx (N*m) | E79: Fr_outer (N) | F79: P0_outer (N) | G79: Compliance | H79: Evaluation
B80: LC1 - Pure Braking | C80: 0 | D80: =ABS(C80)*C13 | E80: =(D80/(C24/1000)) + (3207.37/2) | F80: =(VLOOKUP(C6, Bearing_Database!A4:S20, 8, FALSE)*1000)/(IF(VLOOKUP(C6, Bearing_Database!A4:S20, 9, FALSE)>0, MAX(E80, 0.5*E80+0.38*ABS(C80)), MAX(E80, 0.6*E80+0.5*ABS(C80)))) | G80: =IF(F80>=1.5, "Safe", IF(F80>=1.0, "Marginal", "Exceeded"))
B81: LC2 - Pure Acceleration | C81: 0 | D81: =ABS(C81)*C13 | E81: =(D81/(C24/1000)) + (2409.45/2) | F81: =(VLOOKUP(C6, Bearing_Database!A4:S20, 8, FALSE)*1000)/(IF(VLOOKUP(C6, Bearing_Database!A4:S20, 9, FALSE)>0, MAX(E81, 0.5*E81+0.38*ABS(C81)), MAX(E81, 0.6*E81+0.5*ABS(C81)))) | G81: =IF(F81>=1.5, "Safe", IF(F81>=1.0, "Marginal", "Exceeded"))
B82: LC3 - Pure Cornering (1.8g) | C82: -4436.26 | D82: =ABS(C82)*C13 | E82: =(D82/(C24/1000)) + (3574.61/2) | F82: =(VLOOKUP(C6, Bearing_Database!A4:S20, 8, FALSE)*1000)/(IF(VLOOKUP(C6, Bearing_Database!A4:S20, 9, FALSE)>0, MAX(E82, 0.5*E82+0.38*ABS(C82)), MAX(E82, 0.6*E82+0.5*ABS(C82)))) | G82: =IF(F82>=1.5, "Safe", IF(F82>=1.0, "Marginal", "Exceeded"))
B83: LC4 - Combined Braking + Cornering 1 | C83: -3089.33 | D83: =ABS(C83)*C13 | E83: =(D83/(C24/1000)) + (3125.0/2) | F83: =(VLOOKUP(C6, Bearing_Database!A4:S20, 8, FALSE)*1000)/(IF(VLOOKUP(C6, Bearing_Database!A4:S20, 9, FALSE)>0, MAX(E83, 0.5*E83+0.38*ABS(C83)), MAX(E83, 0.6*E83+0.5*ABS(C83)))) | G83: =IF(F83>=1.5, "Safe", IF(F83>=1.0, "Marginal", "Exceeded"))
B84: LC5 - Combined Braking + Cornering 2 | C84: -2468.43 | D84: =ABS(C84)*C13 | E84: =(D84/(C24/1000)) + (2823.56/2) | F84: =(VLOOKUP(C6, Bearing_Database!A4:S20, 8, FALSE)*1000)/(IF(VLOOKUP(C6, Bearing_Database!A4:S20, 9, FALSE)>0, MAX(E84, 0.5*E84+0.38*ABS(C84)), MAX(E84, 0.6*E84+0.5*ABS(C84)))) | G84: =IF(F84>=1.5, "Safe", IF(F84>=1.0, "Marginal", "Exceeded"))
B85: LC6 - Combined Accel + Cornering 1 | C85: -2228.85 | D85: =ABS(C85)*C13 | E85: =(D85/(C24/1000)) + (2130.33/2) | F85: =(VLOOKUP(C6, Bearing_Database!A4:S20, 8, FALSE)*1000)/(IF(VLOOKUP(C6, Bearing_Database!A4:S20, 9, FALSE)>0, MAX(E85, 0.5*E85+0.38*ABS(C85)), MAX(E85, 0.6*E85+0.5*ABS(C85)))) | G85: =IF(F85>=1.5, "Safe", IF(F85>=1.0, "Marginal", "Exceeded"))
B86: LC7 - Combined Accel + Cornering 2 | C86: -2898.75 | D86: =ABS(C86)*C13 | E86: =(D86/(C24/1000)) + (2879.34/2) | F86: =(VLOOKUP(C6, Bearing_Database!A4:S20, 8, FALSE)*1000)/(IF(VLOOKUP(C6, Bearing_Database!A4:S20, 9, FALSE)>0, MAX(E86, 0.5*E86+0.38*ABS(C86)), MAX(E86, 0.6*E86+0.5*ABS(C86)))) | G86: =IF(F86>=1.5, "Safe", IF(F86>=1.0, "Marginal", "Exceeded"))
B87: LC Bump - Dynamic Curb Strike (3.5g) | C87: 0 | D87: =ABS(C87)*C13 | E87: =(D87/(C24/1000)) + (5200.0/2) | F87: =(VLOOKUP(C6, Bearing_Database!A4:S20, 8, FALSE)*1000)/(IF(VLOOKUP(C6, Bearing_Database!A4:S20, 9, FALSE)>0, MAX(E87, 0.5*E87+0.38*ABS(C87)), MAX(E87, 0.6*E87+0.5*ABS(C87)))) | G87: =IF(F87>=1.5, "Safe", IF(F87>=1.0, "Marginal", "Exceeded"))
